STRUCTURE,STRUCTURE_ID,STRUCTURE_NAME,ACTION,REF_AREA,Reference area,SEX,Sex,AGE,Age,ATTAINMENT_LEV,Educational attainment level,EDUCATION_FIELD,Field of education,MEASURE,Measure,INCOME,Income,BIRTH_PLACE,Place of birth,MIGRATION_AGE,Age at migration,EDU_STATUS,Education status,LABOUR_FORCE_STATUS,Labour force status,DURATION_UNEMP,Unemployment duration,UNIT_MEASURE,Unit of measure,STATISTICAL_OPERATION,Statistical operation,WORK_TIME_ARNGMNT,Work time arrangement,QUESTIONNAIRE,Questionnaire name,FREQ,Frequency of observation,TIME_PERIOD,Time period,OBS_VALUE,Observation value,OBS_STATUS,Observation status,CONF_STATUS,Confidentiality status,UNIT_MULT,Unit multiplier,DECIMALS,Decimals
DATAFLOW,OECD.EDU.IMEP:DSD_EAG_LSO_EA@DF_LSO_NEAC_DISTR_EA(1.0),"Adults' educational attainment distribution, by age group and gender",I,DEU,Germany,F,Female,Y25T64,From 25 to 64 years,ISCED11A_5T8,Tertiary education,_T,Total,POP,Population,_Z,Not applicable,_T,Total,_Z,Not applicable,ED_NED,In education or not in education,POP,Population,_Z,Not applicable,PT_POP_SEX_AGE,Percentage of population in the same sex and age,OBS,Observed,_Z,Not applicable,NEAC,LSO-NEAC regular data collection,A,Annual,2009,,23.066357,,B,Time series break,,,0,Units,1,One
DATAFLOW,OECD.EDU.IMEP:DSD_EAG_LSO_EA@DF_LSO_NEAC_DISTR_EA(1.0),"Adults' educational attainment distribution, by age group and gender",I,DEU,Germany,F,Female,Y25T64,From 25 to 64 years,ISCED11A_5T8,Tertiary education,_T,Total,POP,Population,_Z,Not applicable,_T,Total,_Z,Not applicable,ED_NED,In education or not in education,POP,Population,_Z,Not applicable,PT_POP_SEX_AGE,Percentage of population in the same sex and age,OBS,Observed,_Z,Not applicable,NEAC,LSO-NEAC regular data collection,A,Annual,2010,,23.37282,,B,Time series break,,,0,Units,1,One
DATAFLOW,OECD.EDU.IMEP:DSD_EAG_LSO_EA@DF_LSO_NEAC_DISTR_EA(1.0),"Adults' educational attainment distribution, by age group and gender",I,DEU,Germany,F,Female,Y25T64,From 25 to 64 years,ISCED11A_5T8,Tertiary education,_T,Total,POP,Population,_Z,Not applicable,_T,Total,_Z,Not applicable,ED_NED,In education or not in education,POP,Population,_Z,Not applicable,PT_POP_SEX_AGE,Percentage of population in the same sex and age,OBS,Observed,_Z,Not applicable,NEAC,LSO-NEAC regular data collection,A,Annual,2011,,24.903835,,B,Time series break,,,0,Units,1,One
DATAFLOW,OECD.EDU.IMEP:DSD_EAG_LSO_EA@DF_LSO_NEAC_DISTR_EA(1.0),"Adults' educational attainment distribution, by age group and gender",I,DEU,Germany,F,Female,Y25T64,From 25 to 64 years,ISCED11A_5T8,Tertiary education,_T,Total,POP,Population,_Z,Not applicable,_T,Total,_Z,Not applicable,ED_NED,In education or not in education,POP,Population,_Z,Not applicable,PT_POP_SEX_AGE,Percentage of population in the same sex and age,OBS,Observed,_Z,Not applicable,NEAC,LSO-NEAC regular data collection,A,Annual,2012,,25.742893,,B,Time series break,,,0,Units,1,One
DATAFLOW,OECD.EDU.IMEP:DSD_EAG_LSO_EA@DF_LSO_NEAC_DISTR_EA(1.0),"Adults' educational attainment distribution, by age group and gender",I,DEU,Germany,F,Female,Y25T64,From 25 to 64 years,ISCED11A_5T8,Tertiary education,_T,Total,POP,Population,_Z,Not applicable,_T,Total,_Z,Not applicable,ED_NED,In education or not in education,POP,Population,_Z,Not applicable,PT_POP_SEX_AGE,Percentage of population in the same sex and age,OBS,Observed,_Z,Not applicable,NEAC,LSO-NEAC regular data collection,A,Annual,2013,,26.347219,,B,Time series break,,,0,Units,1,One
DATAFLOW,OECD.EDU.IMEP:DSD_EAG_LSO_EA@DF_LSO_NEAC_DISTR_EA(1.0),"Adults' educational attainment distribution, by age group and gender",I,NLD,Netherlands,F,Female,Y25T64,From 25 to 64 years,ISCED11A_5T8,Tertiary education,_T,Total,POP,Population,_Z,Not applicable,_T,Total,_Z,Not applicable,ED_NED,In education or not in education,POP,Population,_Z,Not applicable,PT_POP_SEX_AGE,Percentage of population in the same sex and age,OBS,Observed,_Z,Not applicable,NEAC,LSO-NEAC regular data collection,A,Annual,2009,,31.024853,,B,Time series break,,,0,Units,1,One
DATAFLOW,OECD.EDU.IMEP:DSD_EAG_LSO_EA@DF_LSO_NEAC_DISTR_EA(1.0),"Adults' educational attainment distribution, by age group and gender",I,NLD,Netherlands,F,Female,Y25T64,From 25 to 64 years,ISCED11A_5T8,Tertiary education,_T,Total,POP,Population,_Z,Not applicable,_T,Total,_Z,Not applicable,ED_NED,In education or not in education,POP,Population,_Z,Not applicable,PT_POP_SEX_AGE,Percentage of population in the same sex and age,OBS,Observed,_Z,Not applicable,NEAC,LSO-NEAC regular data collection,A,Annual,2010,,30.543089,,B,Time series break,,,0,Units,1,One
DATAFLOW,OECD.EDU.IMEP:DSD_EAG_LSO_EA@DF_LSO_NEAC_DISTR_EA(1.0),"Adults' educational attainment distribution, by age group and gender",I,NLD,Netherlands,F,Female,Y25T64,From 25 to 64 years,ISCED11A_5T8,Tertiary education,_T,Total,POP,Population,_Z,Not applicable,_T,Total,_Z,Not applicable,ED_NED,In education or not in education,POP,Population,_Z,Not applicable,PT_POP_SEX_AGE,Percentage of population in the same sex and age,OBS,Observed,_Z,Not applicable,NEAC,LSO-NEAC regular data collection,A,Annual,2011,,30.674158,,B,Time series break,,,0,Units,1,One
DATAFLOW,OECD.EDU.IMEP:DSD_EAG_LSO_EA@DF_LSO_NEAC_DISTR_EA(1.0),"Adults' educational attainment distribution, by age group and gender",I,NLD,Netherlands,F,Female,Y25T64,From 25 to 64 years,ISCED11A_5T8,Tertiary education,_T,Total,POP,Population,_Z,Not applicable,_T,Total,_Z,Not applicable,ED_NED,In education or not in education,POP,Population,_Z,Not applicable,PT_POP_SEX_AGE,Percentage of population in the same sex and age,OBS,Observed,_Z,Not applicable,NEAC,LSO-NEAC regular data collection,A,Annual,2012,,33.271935,,B,Time series break,,,0,Units,1,One
DATAFLOW,OECD.EDU.IMEP:DSD_EAG_LSO_EA@DF_LSO_NEAC_DISTR_EA(1.0),"Adults' educational attainment distribution, by age group and gender",I,NLD,Netherlands,F,Female,Y25T64,From 25 to 64 years,ISCED11A_5T8,Tertiary education,_T,Total,POP,Population,_Z,Not applicable,_T,Total,_Z,Not applicable,ED_NED,In education or not in education,POP,Population,_Z,Not applicable,PT_POP_SEX_AGE,Percentage of population in the same sex and age,OBS,Observed,_Z,Not applicable,NEAC,LSO-NEAC regular data collection,A,Annual,2013,,33.92601,,B,Time series break,,,0,Units,1,One
DATAFLOW,OECD.EDU.IMEP:DSD_EAG_LSO_EA@DF_LSO_NEAC_DISTR_EA(1.0),"Adults' educational attainment distribution, by age group and gender",I,PRT,Portugal,F,Female,Y25T64,From 25 to 64 years,ISCED11A_5T8,Tertiary education,_T,Total,POP,Population,_Z,Not applicable,_T,Total,_Z,Not applicable,ED_NED,In education or not in education,POP,Population,_Z,Not applicable,PT_POP_SEX_AGE,Percentage of population in the same sex and age,OBS,Observed,_Z,Not applicable,NEAC,LSO-NEAC regular data collection,A,Annual,2009,,17.297443,,A,Normal value,,,0,Units,1,One
DATAFLOW,OECD.EDU.IMEP:DSD_EAG_LSO_EA@DF_LSO_NEAC_DISTR_EA(1.0),"Adults' educational attainment distribution, by age group and gender",I,PRT,Portugal,F,Female,Y25T64,From 25 to 64 years,ISCED11A_5T8,Tertiary education,_T,Total,POP,Population,_Z,Not applicable,_T,Total,_Z,Not applicable,ED_NED,In education or not in education,POP,Population,_Z,Not applicable,PT_POP_SEX_AGE,Percentage of population in the same sex and age,OBS,Observed,_Z,Not applicable,NEAC,LSO-NEAC regular data collection,A,Annual,2010,,18.538366,,A,Normal value,,,0,Units,1,One
DATAFLOW,OECD.EDU.IMEP:DSD_EAG_LSO_EA@DF_LSO_NEAC_DISTR_EA(1.0),"Adults' educational attainment distribution, by age group and gender",I,PRT,Portugal,F,Female,Y25T64,From 25 to 64 years,ISCED11A_5T8,Tertiary education,_T,Total,POP,Population,_Z,Not applicable,_T,Total,_Z,Not applicable,ED_NED,In education or not in education,POP,Population,_Z,Not applicable,PT_POP_SEX_AGE,Percentage of population in the same sex and age,OBS,Observed,_Z,Not applicable,NEAC,LSO-NEAC regular data collection,A,Annual,2011,,19.913658,,A,Normal value,,,0,Units,1,One
DATAFLOW,OECD.EDU.IMEP:DSD_EAG_LSO_EA@DF_LSO_NEAC_DISTR_EA(1.0),"Adults' educational attainment distribution, by age group and gender",I,PRT,Portugal,F,Female,Y25T64,From 25 to 64 years,ISCED11A_5T8,Tertiary education,_T,Total,POP,Population,_Z,Not applicable,_T,Total,_Z,Not applicable,ED_NED,In education or not in education,POP,Population,_Z,Not applicable,PT_POP_SEX_AGE,Percentage of population in the same sex and age,OBS,Observed,_Z,Not applicable,NEAC,LSO-NEAC regular data collection,A,Annual,2012,,21.41597,,A,Normal value,,,0,Units,1,One
DATAFLOW,OECD.EDU.IMEP:DSD_EAG_LSO_EA@DF_LSO_NEAC_DISTR_EA(1.0),"Adults' educational attainment distribution, by age group and gender",I,ESP,Spain,F,Female,Y25T64,From 25 to 64 years,ISCED11A_5T8,Tertiary education,_T,Total,POP,Population,_Z,Not applicable,_T,Total,_Z,Not applicable,ED_NED,In education or not in education,POP,Population,_Z,Not applicable,PT_POP_SEX_AGE,Percentage of population in the same sex and age,OBS,Observed,_Z,Not applicable,NEAC,LSO-NEAC regular data collection,A,Annual,2009,,31.115898,,A,Normal value,,,0,Units,1,One
DATAFLOW,OECD.EDU.IMEP:DSD_EAG_LSO_EA@DF_LSO_NEAC_DISTR_EA(1.0),"Adults' educational attainment distribution, by age group and gender",I,ESP,Spain,F,Female,Y25T64,From 25 to 64 years,ISCED11A_5T8,Tertiary education,_T,Total,POP,Population,_Z,Not applicable,_T,Total,_Z,Not applicable,ED_NED,In education or not in education,POP,Population,_Z,Not applicable,PT_POP_SEX_AGE,Percentage of population in the same sex and age,OBS,Observed,_Z,Not applicable,NEAC,LSO-NEAC regular data collection,A,Annual,2010,,32.491753,,A,Normal value,,,0,Units,1,One
DATAFLOW,OECD.EDU.IMEP:DSD_EAG_LSO_EA@DF_LSO_NEAC_DISTR_EA(1.0),"Adults' educational attainment distribution, by age group and gender",I,ESP,Spain,F,Female,Y25T64,From 25 to 64 years,ISCED11A_5T8,Tertiary education,_T,Total,POP,Population,_Z,Not applicable,_T,Total,_Z,Not applicable,ED_NED,In education or not in education,POP,Population,_Z,Not applicable,PT_POP_SEX_AGE,Percentage of population in the same sex and age,OBS,Observed,_Z,Not applicable,NEAC,LSO-NEAC regular data collection,A,Annual,2011,,33.326809,,A,Normal value,,,0,Units,1,One
DATAFLOW,OECD.EDU.IMEP:DSD_EAG_LSO_EA@DF_LSO_NEAC_DISTR_EA(1.0),"Adults' educational attainment distribution, by age group and gender",I,ESP,Spain,F,Female,Y25T64,From 25 to 64 years,ISCED11A_5T8,Tertiary education,_T,Total,POP,Population,_Z,Not applicable,_T,Total,_Z,Not applicable,ED_NED,In education or not in education,POP,Population,_Z,Not applicable,PT_POP_SEX_AGE,Percentage of population in the same sex and age,OBS,Observed,_Z,Not applicable,NEAC,LSO-NEAC regular data collection,A,Annual,2012,,34.241261,,A,Normal value,,,0,Units,1,One
DATAFLOW,OECD.EDU.IMEP:DSD_EAG_LSO_EA@DF_LSO_NEAC_DISTR_EA(1.0),"Adults' educational attainment distribution, by age group and gender",I,PRT,Portugal,F,Female,Y25T64,From 25 to 64 years,ISCED11A_5T8,Tertiary education,_T,Total,POP,Population,_Z,Not applicable,_T,Total,_Z,Not applicable,ED_NED,In education or not in education,POP,Population,_Z,Not applicable,PT_POP_SEX_AGE,Percentage of population in the same sex and age,OBS,Observed,_Z,Not applicable,NEAC,LSO-NEAC regular data collection,A,Annual,2013,,23.073732,,A,Normal value,,,0,Units,1,One
DATAFLOW,OECD.EDU.IMEP:DSD_EAG_LSO_EA@DF_LSO_NEAC_DISTR_EA(1.0),"Adults' educational attainment distribution, by age group and gender",I,ESP,Spain,F,Female,Y25T64,From 25 to 64 years,ISCED11A_5T8,Tertiary education,_T,Total,POP,Population,_Z,Not applicable,_T,Total,_Z,Not applicable,ED_NED,In education or not in education,POP,Population,_Z,Not applicable,PT_POP_SEX_AGE,Percentage of population in the same sex and age,OBS,Observed,_Z,Not applicable,NEAC,LSO-NEAC regular data collection,A,Annual,2013,,35.431107,,A,Normal value,,,0,Units,1,One
DATAFLOW,OECD.EDU.IMEP:DSD_EAG_LSO_EA@DF_LSO_NEAC_DISTR_EA(1.0),"Adults' educational attainment distribution, by age group and gender",I,DEU,Germany,F,Female,Y25T64,From 25 to 64 years,ISCED11A_5T8,Tertiary education,_T,Total,POP,Population,_Z,Not applicable,_T,Total,_Z,Not applicable,ED_NED,In education or not in education,POP,Population,_Z,Not applicable,PT_POP_SEX_AGE,Percentage of population in the same sex and age,OBS,Observed,_Z,Not applicable,NEAC,LSO-NEAC regular data collection,A,Annual,2014,,23.663828,,A,Normal value,,,0,Units,1,One
DATAFLOW,OECD.EDU.IMEP:DSD_EAG_LSO_EA@DF_LSO_NEAC_DISTR_EA(1.0),"Adults' educational attainment distribution, by age group and gender",I,NLD,Netherlands,F,Female,Y25T64,From 25 to 64 years,ISCED11A_5T8,Tertiary education,_T,Total,POP,Population,_Z,Not applicable,_T,Total,_Z,Not applicable,ED_NED,In education or not in education,POP,Population,_Z,Not applicable,PT_POP_SEX_AGE,Percentage of population in the same sex and age,OBS,Observed,_Z,Not applicable,NEAC,LSO-NEAC regular data collection,A,Annual,2014,,35.238052,,A,Normal value,,,0,Units,1,One
DATAFLOW,OECD.EDU.IMEP:DSD_EAG_LSO_EA@DF_LSO_NEAC_DISTR_EA(1.0),"Adults' educational attainment distribution, by age group and gender",I,PRT,Portugal,F,Female,Y25T64,From 25 to 64 years,ISCED11A_5T8,Tertiary education,_T,Total,POP,Population,_Z,Not applicable,_T,Total,_Z,Not applicable,ED_NED,In education or not in education,POP,Population,_Z,Not applicable,PT_POP_SEX_AGE,Percentage of population in the same sex and age,OBS,Observed,_Z,Not applicable,NEAC,LSO-NEAC regular data collection,A,Annual,2014,,25.85040855407715,,A,Normal value,,,0,Units,1,One
DATAFLOW,OECD.EDU.IMEP:DSD_EAG_LSO_EA@DF_LSO_NEAC_DISTR_EA(1.0),"Adults' educational attainment distribution, by age group and gender",I,ESP,Spain,F,Female,Y25T64,From 25 to 64 years,ISCED11A_5T8,Tertiary education,_T,Total,POP,Population,_Z,Not applicable,_T,Total,_Z,Not applicable,ED_NED,In education or not in education,POP,Population,_Z,Not applicable,PT_POP_SEX_AGE,Percentage of population in the same sex and age,OBS,Observed,_Z,Not applicable,NEAC,LSO-NEAC regular data collection,A,Annual,2014,,36.547832,,A,Normal value,,,0,Units,1,One
DATAFLOW,OECD.EDU.IMEP:DSD_EAG_LSO_EA@DF_LSO_NEAC_DISTR_EA(1.0),"Adults' educational attainment distribution, by age group and gender",I,DEU,Germany,F,Female,Y25T64,From 25 to 64 years,ISCED11A_5T8,Tertiary education,_T,Total,POP,Population,_Z,Not applicable,_T,Total,_Z,Not applicable,ED_NED,In education or not in education,POP,Population,_Z,Not applicable,PT_POP_SEX_AGE,Percentage of population in the same sex and age,OBS,Observed,_Z,Not applicable,NEAC,LSO-NEAC regular data collection,A,Annual,2018,,26.440598,,A,Normal value,,,0,Units,1,One
DATAFLOW,OECD.EDU.IMEP:DSD_EAG_LSO_EA@DF_LSO_NEAC_DISTR_EA(1.0),"Adults' educational attainment distribution, by age group and gender",I,NLD,Netherlands,F,Female,Y25T64,From 25 to 64 years,ISCED11A_5T8,Tertiary education,_T,Total,POP,Population,_Z,Not applicable,_T,Total,_Z,Not applicable,ED_NED,In education or not in education,POP,Population,_Z,Not applicable,PT_POP_SEX_AGE,Percentage of population in the same sex and age,OBS,Observed,_Z,Not applicable,NEAC,LSO-NEAC regular data collection,A,Annual,2018,,40.861336,,A,Normal value,,,0,Units,1,One
DATAFLOW,OECD.EDU.IMEP:DSD_EAG_LSO_EA@DF_LSO_NEAC_DISTR_EA(1.0),"Adults' educational attainment distribution, by age group and gender",I,PRT,Portugal,F,Female,Y25T64,From 25 to 64 years,ISCED11A_5T8,Tertiary education,_T,Total,POP,Population,_Z,Not applicable,_T,Total,_Z,Not applicable,ED_NED,In education or not in education,POP,Population,_Z,Not applicable,PT_POP_SEX_AGE,Percentage of population in the same sex and age,OBS,Observed,_Z,Not applicable,NEAC,LSO-NEAC regular data collection,A,Annual,2018,,29.89252662658691,,A,Normal value,,,0,Units,1,One
DATAFLOW,OECD.EDU.IMEP:DSD_EAG_LSO_EA@DF_LSO_NEAC_DISTR_EA(1.0),"Adults' educational attainment distribution, by age group and gender",I,ESP,Spain,F,Female,Y25T64,From 25 to 64 years,ISCED11A_5T8,Tertiary education,_T,Total,POP,Population,_Z,Not applicable,_T,Total,_Z,Not applicable,ED_NED,In education or not in education,POP,Population,_Z,Not applicable,PT_POP_SEX_AGE,Percentage of population in the same sex and age,OBS,Observed,_Z,Not applicable,NEAC,LSO-NEAC regular data collection,A,Annual,2018,,39.846661,,A,Normal value,,,0,Units,1,One
DATAFLOW,OECD.EDU.IMEP:DSD_EAG_LSO_EA@DF_LSO_NEAC_DISTR_EA(1.0),"Adults' educational attainment distribution, by age group and gender",I,DEU,Germany,F,Female,Y25T64,From 25 to 64 years,ISCED11A_5T8,Tertiary education,_T,Total,POP,Population,_Z,Not applicable,_T,Total,_Z,Not applicable,ED_NED,In education or not in education,POP,Population,_Z,Not applicable,PT_POP_SEX_AGE,Percentage of population in the same sex and age,OBS,Observed,_Z,Not applicable,NEAC,LSO-NEAC regular data collection,A,Annual,2017,,25.732599,,A,Normal value,,,0,Units,1,One
DATAFLOW,OECD.EDU.IMEP:DSD_EAG_LSO_EA@DF_LSO_NEAC_DISTR_EA(1.0),"Adults' educational attainment distribution, by age group and gender",I,NLD,Netherlands,F,Female,Y25T64,From 25 to 64 years,ISCED11A_5T8,Tertiary education,_T,Total,POP,Population,_Z,Not applicable,_T,Total,_Z,Not applicable,ED_NED,In education or not in education,POP,Population,_Z,Not applicable,PT_POP_SEX_AGE,Percentage of population in the same sex and age,OBS,Observed,_Z,Not applicable,NEAC,LSO-NEAC regular data collection,A,Annual,2017,,39.133789,,A,Normal value,,,0,Units,1,One
DATAFLOW,OECD.EDU.IMEP:DSD_EAG_LSO_EA@DF_LSO_NEAC_DISTR_EA(1.0),"Adults' educational attainment distribution, by age group and gender",I,PRT,Portugal,F,Female,Y25T64,From 25 to 64 years,ISCED11A_5T8,Tertiary education,_T,Total,POP,Population,_Z,Not applicable,_T,Total,_Z,Not applicable,ED_NED,In education or not in education,POP,Population,_Z,Not applicable,PT_POP_SEX_AGE,Percentage of population in the same sex and age,OBS,Observed,_Z,Not applicable,NEAC,LSO-NEAC regular data collection,A,Annual,2017,,28.55033493041992,,A,Normal value,,,0,Units,1,One
DATAFLOW,OECD.EDU.IMEP:DSD_EAG_LSO_EA@DF_LSO_NEAC_DISTR_EA(1.0),"Adults' educational attainment distribution, by age group and gender",I,ESP,Spain,F,Female,Y25T64,From 25 to 64 years,ISCED11A_5T8,Tertiary education,_T,Total,POP,Population,_Z,Not applicable,_T,Total,_Z,Not applicable,ED_NED,In education or not in education,POP,Population,_Z,Not applicable,PT_POP_SEX_AGE,Percentage of population in the same sex and age,OBS,Observed,_Z,Not applicable,NEAC,LSO-NEAC regular data collection,A,Annual,2017,,38.934372,,A,Normal value,,,0,Units,1,One
DATAFLOW,OECD.EDU.IMEP:DSD_EAG_LSO_EA@DF_LSO_NEAC_DISTR_EA(1.0),"Adults' educational attainment distribution, by age group and gender",I,DEU,Germany,F,Female,Y25T64,From 25 to 64 years,ISCED11A_5T8,Tertiary education,_T,Total,POP,Population,_Z,Not applicable,_T,Total,_Z,Not applicable,ED_NED,In education or not in education,POP,Population,_Z,Not applicable,PT_POP_SEX_AGE,Percentage of population in the same sex and age,OBS,Observed,_Z,Not applicable,NEAC,LSO-NEAC regular data collection,A,Annual,2016,,25.228304,,A,Normal value,,,0,Units,1,One
DATAFLOW,OECD.EDU.IMEP:DSD_EAG_LSO_EA@DF_LSO_NEAC_DISTR_EA(1.0),"Adults' educational attainment distribution, by age group and gender",I,NLD,Netherlands,F,Female,Y25T64,From 25 to 64 years,ISCED11A_5T8,Tertiary education,_T,Total,POP,Population,_Z,Not applicable,_T,Total,_Z,Not applicable,ED_NED,In education or not in education,POP,Population,_Z,Not applicable,PT_POP_SEX_AGE,Percentage of population in the same sex and age,OBS,Observed,_Z,Not applicable,NEAC,LSO-NEAC regular data collection,A,Annual,2016,,37.542702,,A,Normal value,,,0,Units,1,One
DATAFLOW,OECD.EDU.IMEP:DSD_EAG_LSO_EA@DF_LSO_NEAC_DISTR_EA(1.0),"Adults' educational attainment distribution, by age group and gender",I,PRT,Portugal,F,Female,Y25T64,From 25 to 64 years,ISCED11A_5T8,Tertiary education,_T,Total,POP,Population,_Z,Not applicable,_T,Total,_Z,Not applicable,ED_NED,In education or not in education,POP,Population,_Z,Not applicable,PT_POP_SEX_AGE,Percentage of population in the same sex and age,OBS,Observed,_Z,Not applicable,NEAC,LSO-NEAC regular data collection,A,Annual,2016,,27.90406608581543,,A,Normal value,,,0,Units,1,One
DATAFLOW,OECD.EDU.IMEP:DSD_EAG_LSO_EA@DF_LSO_NEAC_DISTR_EA(1.0),"Adults' educational attainment distribution, by age group and gender",I,ESP,Spain,F,Female,Y25T64,From 25 to 64 years,ISCED11A_5T8,Tertiary education,_T,Total,POP,Population,_Z,Not applicable,_T,Total,_Z,Not applicable,ED_NED,In education or not in education,POP,Population,_Z,Not applicable,PT_POP_SEX_AGE,Percentage of population in the same sex and age,OBS,Observed,_Z,Not applicable,NEAC,LSO-NEAC regular data collection,A,Annual,2016,,38.397327,,A,Normal value,,,0,Units,1,One
DATAFLOW,OECD.EDU.IMEP:DSD_EAG_LSO_EA@DF_LSO_NEAC_DISTR_EA(1.0),"Adults' educational attainment distribution, by age group and gender",I,DEU,Germany,F,Female,Y25T64,From 25 to 64 years,ISCED11A_5T8,Tertiary education,_T,Total,POP,Population,_Z,Not applicable,_T,Total,_Z,Not applicable,ED_NED,In education or not in education,POP,Population,_Z,Not applicable,PT_POP_SEX_AGE,Percentage of population in the same sex and age,OBS,Observed,_Z,Not applicable,NEAC,LSO-NEAC regular data collection,A,Annual,2015,,24.437277,,A,Normal value,,,0,Units,1,One
DATAFLOW,OECD.EDU.IMEP:DSD_EAG_LSO_EA@DF_LSO_NEAC_DISTR_EA(1.0),"Adults' educational attainment distribution, by age group and gender",I,NLD,Netherlands,F,Female,Y25T64,From 25 to 64 years,ISCED11A_5T8,Tertiary education,_T,Total,POP,Population,_Z,Not applicable,_T,Total,_Z,Not applicable,ED_NED,In education or not in education,POP,Population,_Z,Not applicable,PT_POP_SEX_AGE,Percentage of population in the same sex and age,OBS,Observed,_Z,Not applicable,NEAC,LSO-NEAC regular data collection,A,Annual,2015,,36.480492,,A,Normal value,,,0,Units,1,One
DATAFLOW,OECD.EDU.IMEP:DSD_EAG_LSO_EA@DF_LSO_NEAC_DISTR_EA(1.0),"Adults' educational attainment distribution, by age group and gender",I,PRT,Portugal,F,Female,Y25T64,From 25 to 64 years,ISCED11A_5T8,Tertiary education,_T,Total,POP,Population,_Z,Not applicable,_T,Total,_Z,Not applicable,ED_NED,In education or not in education,POP,Population,_Z,Not applicable,PT_POP_SEX_AGE,Percentage of population in the same sex and age,OBS,Observed,_Z,Not applicable,NEAC,LSO-NEAC regular data collection,A,Annual,2015,,26.93748474121094,,A,Normal value,,,0,Units,1,One
DATAFLOW,OECD.EDU.IMEP:DSD_EAG_LSO_EA@DF_LSO_NEAC_DISTR_EA(1.0),"Adults' educational attainment distribution, by age group and gender",I,ESP,Spain,F,Female,Y25T64,From 25 to 64 years,ISCED11A_5T8,Tertiary education,_T,Total,POP,Population,_Z,Not applicable,_T,Total,_Z,Not applicable,ED_NED,In education or not in education,POP,Population,_Z,Not applicable,PT_POP_SEX_AGE,Percentage of population in the same sex and age,OBS,Observed,_Z,Not applicable,NEAC,LSO-NEAC regular data collection,A,Annual,2015,,37.504776,,A,Normal value,,,0,Units,1,One
DATAFLOW,OECD.EDU.IMEP:DSD_EAG_LSO_EA@DF_LSO_NEAC_DISTR_EA(1.0),"Adults' educational attainment distribution, by age group and gender",I,DEU,Germany,F,Female,Y25T64,From 25 to 64 years,ISCED11A_5T8,Tertiary education,_T,Total,POP,Population,_Z,Not applicable,_T,Total,_Z,Not applicable,ED_NED,In education or not in education,POP,Population,_Z,Not applicable,PT_POP_SEX_AGE,Percentage of population in the same sex and age,OBS,Observed,_Z,Not applicable,NEAC,LSO-NEAC regular data collection,A,Annual,2024,,32.5320930480957,,A,Normal value,,,0,Units,1,One
DATAFLOW,OECD.EDU.IMEP:DSD_EAG_LSO_EA@DF_LSO_NEAC_DISTR_EA(1.0),"Adults' educational attainment distribution, by age group and gender",I,NLD,Netherlands,F,Female,Y25T64,From 25 to 64 years,ISCED11A_5T8,Tertiary education,_T,Total,POP,Population,_Z,Not applicable,_T,Total,_Z,Not applicable,ED_NED,In education or not in education,POP,Population,_Z,Not applicable,PT_POP_SEX_AGE,Percentage of population in the same sex and age,OBS,Observed,_Z,Not applicable,NEAC,LSO-NEAC regular data collection,A,Annual,2024,,47.06541442871094,,A,Normal value,,,0,Units,1,One
DATAFLOW,OECD.EDU.IMEP:DSD_EAG_LSO_EA@DF_LSO_NEAC_DISTR_EA(1.0),"Adults' educational attainment distribution, by age group and gender",I,PRT,Portugal,F,Female,Y25T64,From 25 to 64 years,ISCED11A_5T8,Tertiary education,_T,Total,POP,Population,_Z,Not applicable,_T,Total,_Z,Not applicable,ED_NED,In education or not in education,POP,Population,_Z,Not applicable,PT_POP_SEX_AGE,Percentage of population in the same sex and age,OBS,Observed,_Z,Not applicable,NEAC,LSO-NEAC regular data collection,A,Annual,2024,,36.37259292602539,,A,Normal value,,,0,Units,1,One
DATAFLOW,OECD.EDU.IMEP:DSD_EAG_LSO_EA@DF_LSO_NEAC_DISTR_EA(1.0),"Adults' educational attainment distribution, by age group and gender",I,ESP,Spain,F,Female,Y25T64,From 25 to 64 years,ISCED11A_5T8,Tertiary education,_T,Total,POP,Population,_Z,Not applicable,_T,Total,_Z,Not applicable,ED_NED,In education or not in education,POP,Population,_Z,Not applicable,PT_POP_SEX_AGE,Percentage of population in the same sex and age,OBS,Observed,_Z,Not applicable,NEAC,LSO-NEAC regular data collection,A,Annual,2024,,45.55783081054688,,A,Normal value,,,0,Units,1,One
DATAFLOW,OECD.EDU.IMEP:DSD_EAG_LSO_EA@DF_LSO_NEAC_DISTR_EA(1.0),"Adults' educational attainment distribution, by age group and gender",I,DEU,Germany,F,Female,Y25T64,From 25 to 64 years,ISCED11A_5T8,Tertiary education,_T,Total,POP,Population,_Z,Not applicable,_T,Total,_Z,Not applicable,ED_NED,In education or not in education,POP,Population,_Z,Not applicable,PT_POP_SEX_AGE,Percentage of population in the same sex and age,OBS,Observed,_Z,Not applicable,NEAC,LSO-NEAC regular data collection,A,Annual,2019,,27.315199,,A,Normal value,,,0,Units,1,One
DATAFLOW,OECD.EDU.IMEP:DSD_EAG_LSO_EA@DF_LSO_NEAC_DISTR_EA(1.0),"Adults' educational attainment distribution, by age group and gender",I,NLD,Netherlands,F,Female,Y25T64,From 25 to 64 years,ISCED11A_5T8,Tertiary education,_T,Total,POP,Population,_Z,Not applicable,_T,Total,_Z,Not applicable,ED_NED,In education or not in education,POP,Population,_Z,Not applicable,PT_POP_SEX_AGE,Percentage of population in the same sex and age,OBS,Observed,_Z,Not applicable,NEAC,LSO-NEAC regular data collection,A,Annual,2019,,41.413002,,A,Normal value,,,0,Units,1,One
DATAFLOW,OECD.EDU.IMEP:DSD_EAG_LSO_EA@DF_LSO_NEAC_DISTR_EA(1.0),"Adults' educational attainment distribution, by age group and gender",I,PRT,Portugal,F,Female,Y25T64,From 25 to 64 years,ISCED11A_5T8,Tertiary education,_T,Total,POP,Population,_Z,Not applicable,_T,Total,_Z,Not applicable,ED_NED,In education or not in education,POP,Population,_Z,Not applicable,PT_POP_SEX_AGE,Percentage of population in the same sex and age,OBS,Observed,_Z,Not applicable,NEAC,LSO-NEAC regular data collection,A,Annual,2019,,30.76453399658203,,A,Normal value,,,0,Units,1,One
DATAFLOW,OECD.EDU.IMEP:DSD_EAG_LSO_EA@DF_LSO_NEAC_DISTR_EA(1.0),"Adults' educational attainment distribution, by age group and gender",I,ESP,Spain,F,Female,Y25T64,From 25 to 64 years,ISCED11A_5T8,Tertiary education,_T,Total,POP,Population,_Z,Not applicable,_T,Total,_Z,Not applicable,ED_NED,In education or not in education,POP,Population,_Z,Not applicable,PT_POP_SEX_AGE,Percentage of population in the same sex and age,OBS,Observed,_Z,Not applicable,NEAC,LSO-NEAC regular data collection,A,Annual,2019,,41.339748,,A,Normal value,,,0,Units,1,One
DATAFLOW,OECD.EDU.IMEP:DSD_EAG_LSO_EA@DF_LSO_NEAC_DISTR_EA(1.0),"Adults' educational attainment distribution, by age group and gender",I,DEU,Germany,F,Female,Y25T64,From 25 to 64 years,ISCED11A_5T8,Tertiary education,_T,Total,POP,Population,_Z,Not applicable,_T,Total,_Z,Not applicable,ED_NED,In education or not in education,POP,Population,_Z,Not applicable,PT_POP_SEX_AGE,Percentage of population in the same sex and age,OBS,Observed,_Z,Not applicable,NEAC,LSO-NEAC regular data collection,A,Annual,2020,,28.971186,,A,Normal value,,,0,Units,1,One
DATAFLOW,OECD.EDU.IMEP:DSD_EAG_LSO_EA@DF_LSO_NEAC_DISTR_EA(1.0),"Adults' educational attainment distribution, by age group and gender",I,NLD,Netherlands,F,Female,Y25T64,From 25 to 64 years,ISCED11A_5T8,Tertiary education,_T,Total,POP,Population,_Z,Not applicable,_T,Total,_Z,Not applicable,ED_NED,In education or not in education,POP,Population,_Z,Not applicable,PT_POP_SEX_AGE,Percentage of population in the same sex and age,OBS,Observed,_Z,Not applicable,NEAC,LSO-NEAC regular data collection,A,Annual,2020,,42.912846,,A,Normal value,,,0,Units,1,One
DATAFLOW,OECD.EDU.IMEP:DSD_EAG_LSO_EA@DF_LSO_NEAC_DISTR_EA(1.0),"Adults' educational attainment distribution, by age group and gender",I,PRT,Portugal,F,Female,Y25T64,From 25 to 64 years,ISCED11A_5T8,Tertiary education,_T,Total,POP,Population,_Z,Not applicable,_T,Total,_Z,Not applicable,ED_NED,In education or not in education,POP,Population,_Z,Not applicable,PT_POP_SEX_AGE,Percentage of population in the same sex and age,OBS,Observed,_Z,Not applicable,NEAC,LSO-NEAC regular data collection,A,Annual,2020,,32.19895553588867,,A,Normal value,,,0,Units,1,One
DATAFLOW,OECD.EDU.IMEP:DSD_EAG_LSO_EA@DF_LSO_NEAC_DISTR_EA(1.0),"Adults' educational attainment distribution, by age group and gender",I,ESP,Spain,F,Female,Y25T64,From 25 to 64 years,ISCED11A_5T8,Tertiary education,_T,Total,POP,Population,_Z,Not applicable,_T,Total,_Z,Not applicable,ED_NED,In education or not in education,POP,Population,_Z,Not applicable,PT_POP_SEX_AGE,Percentage of population in the same sex and age,OBS,Observed,_Z,Not applicable,NEAC,LSO-NEAC regular data collection,A,Annual,2020,,42.658867,,A,Normal value,,,0,Units,1,One
DATAFLOW,OECD.EDU.IMEP:DSD_EAG_LSO_EA@DF_LSO_NEAC_DISTR_EA(1.0),"Adults' educational attainment distribution, by age group and gender",I,DEU,Germany,F,Female,Y25T64,From 25 to 64 years,ISCED11A_5T8,Tertiary education,_T,Total,POP,Population,_Z,Not applicable,_T,Total,_Z,Not applicable,ED_NED,In education or not in education,POP,Population,_Z,Not applicable,PT_POP_SEX_AGE,Percentage of population in the same sex and age,OBS,Observed,_Z,Not applicable,NEAC,LSO-NEAC regular data collection,A,Annual,2023,,31.50841331,,A,Normal value,,,0,Units,1,One
DATAFLOW,OECD.EDU.IMEP:DSD_EAG_LSO_EA@DF_LSO_NEAC_DISTR_EA(1.0),"Adults' educational attainment distribution, by age group and gender",I,NLD,Netherlands,F,Female,Y25T64,From 25 to 64 years,ISCED11A_5T8,Tertiary education,_T,Total,POP,Population,_Z,Not applicable,_T,Total,_Z,Not applicable,ED_NED,In education or not in education,POP,Population,_Z,Not applicable,PT_POP_SEX_AGE,Percentage of population in the same sex and age,OBS,Observed,_Z,Not applicable,NEAC,LSO-NEAC regular data collection,A,Annual,2023,,45.91274643,,A,Normal value,,,0,Units,1,One
DATAFLOW,OECD.EDU.IMEP:DSD_EAG_LSO_EA@DF_LSO_NEAC_DISTR_EA(1.0),"Adults' educational attainment distribution, by age group and gender",I,PRT,Portugal,F,Female,Y25T64,From 25 to 64 years,ISCED11A_5T8,Tertiary education,_T,Total,POP,Population,_Z,Not applicable,_T,Total,_Z,Not applicable,ED_NED,In education or not in education,POP,Population,_Z,Not applicable,PT_POP_SEX_AGE,Percentage of population in the same sex and age,OBS,Observed,_Z,Not applicable,NEAC,LSO-NEAC regular data collection,A,Annual,2023,,34.25144958496094,,A,Normal value,,,0,Units,1,One
DATAFLOW,OECD.EDU.IMEP:DSD_EAG_LSO_EA@DF_LSO_NEAC_DISTR_EA(1.0),"Adults' educational attainment distribution, by age group and gender",I,ESP,Spain,F,Female,Y25T64,From 25 to 64 years,ISCED11A_5T8,Tertiary education,_T,Total,POP,Population,_Z,Not applicable,_T,Total,_Z,Not applicable,ED_NED,In education or not in education,POP,Population,_Z,Not applicable,PT_POP_SEX_AGE,Percentage of population in the same sex and age,OBS,Observed,_Z,Not applicable,NEAC,LSO-NEAC regular data collection,A,Annual,2023,,44.97808075,,A,Normal value,,,0,Units,1,One
DATAFLOW,OECD.EDU.IMEP:DSD_EAG_LSO_EA@DF_LSO_NEAC_DISTR_EA(1.0),"Adults' educational attainment distribution, by age group and gender",I,DEU,Germany,F,Female,Y25T64,From 25 to 64 years,ISCED11A_5T8,Tertiary education,_T,Total,POP,Population,_Z,Not applicable,_T,Total,_Z,Not applicable,ED_NED,In education or not in education,POP,Population,_Z,Not applicable,PT_POP_SEX_AGE,Percentage of population in the same sex and age,OBS,Observed,_Z,Not applicable,NEAC,LSO-NEAC regular data collection,A,Annual,2021,,29.037636,,A,Normal value,,,0,Units,1,One
DATAFLOW,OECD.EDU.IMEP:DSD_EAG_LSO_EA@DF_LSO_NEAC_DISTR_EA(1.0),"Adults' educational attainment distribution, by age group and gender",I,NLD,Netherlands,F,Female,Y25T64,From 25 to 64 years,ISCED11A_5T8,Tertiary education,_T,Total,POP,Population,_Z,Not applicable,_T,Total,_Z,Not applicable,ED_NED,In education or not in education,POP,Population,_Z,Not applicable,PT_POP_SEX_AGE,Percentage of population in the same sex and age,OBS,Observed,_Z,Not applicable,NEAC,LSO-NEAC regular data collection,A,Annual,2021,,43.809566,,A,Normal value,,,0,Units,1,One
DATAFLOW,OECD.EDU.IMEP:DSD_EAG_LSO_EA@DF_LSO_NEAC_DISTR_EA(1.0),"Adults' educational attainment distribution, by age group and gender",I,PRT,Portugal,F,Female,Y25T64,From 25 to 64 years,ISCED11A_5T8,Tertiary education,_T,Total,POP,Population,_Z,Not applicable,_T,Total,_Z,Not applicable,ED_NED,In education or not in education,POP,Population,_Z,Not applicable,PT_POP_SEX_AGE,Percentage of population in the same sex and age,OBS,Observed,_Z,Not applicable,NEAC,LSO-NEAC regular data collection,A,Annual,2021,,34.13312149047852,,A,Normal value,,,0,Units,1,One
DATAFLOW,OECD.EDU.IMEP:DSD_EAG_LSO_EA@DF_LSO_NEAC_DISTR_EA(1.0),"Adults' educational attainment distribution, by age group and gender",I,ESP,Spain,F,Female,Y25T64,From 25 to 64 years,ISCED11A_5T8,Tertiary education,_T,Total,POP,Population,_Z,Not applicable,_T,Total,_Z,Not applicable,ED_NED,In education or not in education,POP,Population,_Z,Not applicable,PT_POP_SEX_AGE,Percentage of population in the same sex and age,OBS,Observed,_Z,Not applicable,NEAC,LSO-NEAC regular data collection,A,Annual,2021,,43.64483261,,A,Normal value,,,0,Units,1,One
DATAFLOW,OECD.EDU.IMEP:DSD_EAG_LSO_EA@DF_LSO_NEAC_DISTR_EA(1.0),"Adults' educational attainment distribution, by age group and gender",I,DEU,Germany,F,Female,Y25T64,From 25 to 64 years,ISCED11A_5T8,Tertiary education,_T,Total,POP,Population,_Z,Not applicable,_T,Total,_Z,Not applicable,ED_NED,In education or not in education,POP,Population,_Z,Not applicable,PT_POP_SEX_AGE,Percentage of population in the same sex and age,OBS,Observed,_Z,Not applicable,NEAC,LSO-NEAC regular data collection,A,Annual,2022,,30.45497131,,A,Normal value,,,0,Units,1,One
DATAFLOW,OECD.EDU.IMEP:DSD_EAG_LSO_EA@DF_LSO_NEAC_DISTR_EA(1.0),"Adults' educational attainment distribution, by age group and gender",I,NLD,Netherlands,F,Female,Y25T64,From 25 to 64 years,ISCED11A_5T8,Tertiary education,_T,Total,POP,Population,_Z,Not applicable,_T,Total,_Z,Not applicable,ED_NED,In education or not in education,POP,Population,_Z,Not applicable,PT_POP_SEX_AGE,Percentage of population in the same sex and age,OBS,Observed,_Z,Not applicable,NEAC,LSO-NEAC regular data collection,A,Annual,2022,,45.707039,,A,Normal value,,,0,Units,1,One
DATAFLOW,OECD.EDU.IMEP:DSD_EAG_LSO_EA@DF_LSO_NEAC_DISTR_EA(1.0),"Adults' educational attainment distribution, by age group and gender",I,PRT,Portugal,F,Female,Y25T64,From 25 to 64 years,ISCED11A_5T8,Tertiary education,_T,Total,POP,Population,_Z,Not applicable,_T,Total,_Z,Not applicable,ED_NED,In education or not in education,POP,Population,_Z,Not applicable,PT_POP_SEX_AGE,Percentage of population in the same sex and age,OBS,Observed,_Z,Not applicable,NEAC,LSO-NEAC regular data collection,A,Annual,2022,,34.51711273193359,,A,Normal value,,,0,Units,1,One
DATAFLOW,OECD.EDU.IMEP:DSD_EAG_LSO_EA@DF_LSO_NEAC_DISTR_EA(1.0),"Adults' educational attainment distribution, by age group and gender",I,ESP,Spain,F,Female,Y25T64,From 25 to 64 years,ISCED11A_5T8,Tertiary education,_T,Total,POP,Population,_Z,Not applicable,_T,Total,_Z,Not applicable,ED_NED,In education or not in education,POP,Population,_Z,Not applicable,PT_POP_SEX_AGE,Percentage of population in the same sex and age,OBS,Observed,_Z,Not applicable,NEAC,LSO-NEAC regular data collection,A,Annual,2022,,44.719719,,A,Normal value,,,0,Units,1,One
